ship,k,value
0,0,0.87027
0,1,0.860827
0,2,0.682258
1,0,0.722564
1,1,0.768225
1,2,0.663673
