ship,k,value
0,0,0.809537
0,1,0.849426
0,2,0.758831
1,0,0.762438
1,1,0.661143
1,2,0.648155
2,0,0.626517
2,1,0.828546
2,2,0.661234
