ship,k,value
0,0,0.790234
0,1,0.677634
0,2,0.692468
1,0,0.769024
1,1,0.709901
1,2,0.707576
2,0,0.671445
2,1,0.690882
2,2,0.830954
