ship,k,value
0,0,0.671693
0,1,0.677294
0,2,0.70129
1,0,0.833786
1,1,0.73215
1,2,0.737559
2,0,0.858156
2,1,0.819726
2,2,0.671227
