ship,k,value
0,0,0.618856
0,1,0.860201
0,2,0.772495
1,0,0.7498
1,1,0.708272
1,2,0.696288
